<?xml version="1.0" encoding="UTF-8"?>
<project-private xmlns="http://www.netbeans.org/ns/project-private/1">
    <editor-bookmarks xmlns="http://www.netbeans.org/ns/editor-bookmarks/2" lastBookmarkId="0"/>
    <open-files xmlns="http://www.netbeans.org/ns/projectui-open-files/2">
        <group>
            <file>file:/home/cps-student-7/Documents/KCPS_Lab/Lab3/Lab03_DAC.X/src/main.c</file>
            <file>file:/home/cps-student-7/Documents/KCPS_Lab/Lab3/Lab03_DAC.X/src/lab03.c</file>
            <file>file:/home/cps-student-7/Documents/KCPS_Lab/Lab3/Lab03_DAC.X/src/led.c</file>
        </group>
    </open-files>
</project-private>
